企業名,都道府県,URL,問合せフォーム,備考
株式会社GOOD GAMES,,https://goodgames.jp/index.html,https://goodgames.jp/contact/,
合同会社桜来パフォーミング・アーツ,,https://www.sakura-performingarts.com/,https://www.sakura-performingarts.com/%E4%BA%8B%E6%A5%AD%E5%86%85%E5%AE%B9/%E3%81%8A%E5%95%8F%E3%81%84%E5%90%88%E3%82%8F%E3%81%9B/,
一般社団法人未来表現教育ラボ,,https://lead-protagonist.com/,https://lead-protagonist.com/contact/,
ANTI MORAL SCHOOL,,https://anti-moral-school.studio.site/,なし,
株式会社桜帝”OUTEI Inc.”,,https://outeicorp.com/,https://outeicorp.com/%e3%81%8a%e5%95%8f%e3%81%84%e5%90%88%e3%82%8f%e3%81%9b/,
株式会社Umewaka Noh,,https://umewaka-noh.online/,https://umewaka-noh.online/,
ぴあ株式会社 ,,https://corporate.pia.jp/corp/data/,なし,
株式会社LudensMan,,https://memee.jp/,https://select-type.com/e/?id=z4nzzS2CWOc,
PLUS ALPHA Group,,https://peraichi.com/landing_pages/view/plusalpha2019/,なし,
合同会社Undone,,https://undone.jp/,https://undone.jp/about,
合同会社ジーガレージシェイクスピア道,,https://g-garage.world/,https://g-garage.world/4,
Win-Winマッチング株式会社,,https://winwin-match.co.jp/,https://winwin-match.co.jp/,サイドメニューのContact URL同じ
株式会社呉楽,,https://goraku.co.jp/,https://goraku.co.jp/contact,
株式会社スタールート,,https://starroute.jp/,なし,応募用問い合わせフォームのみ
カイテニスワークス,,https://kaitennis.jimdofree.com/,https://kaitennis.jimdofree.com/%E3%81%8A%E5%95%8F%E3%81%84%E5%90%88%E3%82%8F%E3%81%9B/,
株式会社Kendo Spirit,,https://kendospirit.jp/,https://kendospirit.jp/contact-us/,
株式会社SUMOLAND,,https://sumoland.jp/jpn,なし,ページ下部のContactを開くとメール起動
合同会社event-ty.,,https://www.event-ty.com/,https://www.event-ty.com/contact,
株式会社K-tunes,,https://k-tunes.com/,なし,
株式会社宝塚歌劇団,,https://kageki.hankyu.co.jp/,https://kageki.hankyu.co.jp/system/inquiries?_gl=1*eejbav*_gcl_au*MTIxMjQ2Mzk3Ny4xNzU4ODk0NDcx*_ga*NzM4NTgyMTkyLjE3NTg4OTQ0NzI.*_ga_CEG5NRBL43*czE3NTg4OTQ0NzEkbzEkZzEkdDE3NTg4OTQ1MzkkajUyJGwwJGgw,注意事項に、「宝塚歌劇と関係のない内容」については回答を差し控えると記載あり
"	合同会社創屋プロダクション",,https://www.tsukuriya-production.com/,なし,メール起動
株式会社FAH,,https://fah-corp.com/,https://fah-corp.com/contact/,営業お断り
株式会社BBスクウェア,,https://bbsquare-89.com/,https://bbsquare-89.com/contact,
マグニファイテック株式会社,,https://www.magnify-tech.com/,https://www.magnify-tech.com/contct,営業お断り
株式会社 ONETODAY,,https://onetoday.inc/,https://onetoday.inc/pages/contact,
株式会社ヤマトライジング,,https://yamatorising.jp/,https://yamatorising.jp/contact/,
Second Nuts,,https://poker2ndnuts.wixsite.com/nuts,https://poker2ndnuts.wixsite.com/nuts,ページ下部に問い合わせフォーム有
「映画館に行こう！」実行委員会,,https://www.eigakan.org/,なし,
株式会社演奏舞台,,https://www.g-ensoubutai.com/,https://www.g-ensoubutai.com/contact,
h.stage 株式会社,,https://hstage.jp/,なし,メールのみ
株式会社ASOViVA,,https://asoviva2025.jp/,https://asoviva2025.jp/contact/,
株式会社ガルディア―二・デラ・ムジカ・トウキョウ,,https://guardiani.jp/index.html,なし,
プライベートサウナ株式会社,,https://private-sauna.co.jp/,https://private-sauna.co.jp/contact/,
pittan株式会社,,https://pittaninc.com/,https://pittaninc.com/contact/,
合同会社アート＆プリマ,,https://art-prima.com/,https://art-prima.com/%e3%81%8a%e5%95%8f%e3%81%84%e5%90%88%e3%82%8f%e3%81%9b/,
ミズベリング旭川合同会社,,https://mizbering.net/index.html,https://mizbering.net/news/contact,
株式会社IKMM,,https://www.ikmm.jp/,なし,メール
株式会社アカツキメディアスタジオ,,https://mediastudio.aktsk.jp/,https://mediastudio.aktsk.jp/contact,
有限会社リバース･イメージ･クリエイション,,https://www.ric-japan.com/,https://www.ric-japan.com/contact/,
株式会社OCT,,http://www.oct-coltd.com/company.html,なし,
株式会社ワンダーパワードユー,,https://wpu-co.com/ja/,https://wpu-co.com/ja/contact/,
株式会社クライシスインテリジェンス,,https://crisis-int.co.jp/about-us/overview.html,https://crisis-int.co.jp/contact/,
株式会社トムスエージェンシー,,https://www.toms-a.co.jp/company/,なし,
株式会社IZUMI PRO,,https://izumipromotion.co.jp/,https://izumipromotion.co.jp/contact/,
有限会社　斉竹設計,,http://www.saitake.net/,なし,メール起動
株式会社ニューディアー,,https://www.newdeer.net/,なし,メール
株式会社ツーポインツ,,https://www.twopoints-jp.com/,なし,
有限会社 エー・ライン,,http://a-line.tokyo/,http://a-line.tokyo/form/,
株式会社ミストラルジャパン,,https://www.qualityinngulfbreeze.com/,なし,
株式会社ライトワークス,,https://writeworks.co.jp/index.html,なし,メール
法律情報出版株式会社,,https://www.legal-info.co.jp/,なし,
株式会社アイエヌジー,,https://www.ing-corp.jp/index.html,https://www.ing-corp.jp/contact/index.html,
J-NET株式会社,,https://www.j-net-sys.co.jp/,https://www.anshinchodama.com/contact/,
株式会社ミギナナメウエ,,https://migi-nanameue.co.jp/,https://migi-nanameue.co.jp/contact/,
株式会社 TAMARIBA,,https://tamariba.tokyo/index.php,https://tamariba.tokyo/contact.php,
アルディート株式会社,,https://www.ardito-co.com/,https://www.ardito-co.com/form/,
株式会社ラップス,,https://raps.tokyo/,なし,メール起動
株式会社オフィスマツバ,,https://office-matsuba.net/,https://office-matsuba.net/contact/,
ファンブック株式会社,,https://fanbook.jp/,https://fanbook.jp/contact/,
株式会社Links,,https://www.links-ad.com/,https://www.links-ad.com/contact/,
株式会社リアルジャパン,,https://real-japan.jp/,https://real-japan.jp/contact/,営業お断り
株式会社インスタッフ,,https://www.instaff.net/,https://www.instaff.net/contact/,
株式会社 J STRUCT,,https://jstruct.jp/,なし,
株式会社ロビンソン,,https://robinson-japan.jp/index.html,https://robinson-japan.jp/contact.html,
株式会社フィーカ,,https://www.fikadesign.jp/,https://www.fikadesign.jp/contact/,
株式会社クロノス,,http://chronus.me/,http://chronus.me/contact,
株式会社ダンス・プロ,,https://www.dancepro.co.jp/,なし,
株式会社 リクエストＢＥＡＴＳ,,https://www.request-inc.co.jp/company/#company-prof,なし,メール
株式会社エルフェンスポーツクラブ,,https://www.as-elfen.co.jp/,https://www.as-elfen.co.jp/contact/,
有限会社スタジオアド,,http://st-add.com/,なし,
株式会社ルバート,,https://www.mamahapi.jp/,https://www.rubato.co.jp/contact/,
有限会社　石上水産,,https://good-maguro.jp/,なし,
株式会社 国際スポーツ医科学研究所,,https://ismi.jp/,https://ismi.jp/contact/,
Bodymate株式会社,,https://bodymate.jp/,なし,
itadaki株式会社,,http://www.hopmx.com/,なし,
ビープラス・グループ株式会社,,http://b-plusg.co.jp/,http://b-plusg.co.jp/qa/,
有限会社アンデスの風,,https://www.andesunokaze.com/,https://www.andesunokaze.com/contact.html,
有限会社ロード,,http://www.lo-ad.jp/,なし,問い合わせページ工事中
株式会社 舞研,,https://buken.co.jp/company.html,なし,メール起動
有限会社すぴぃーど,,https://www.speed-neobravo.com/,https://docs.google.com/forms/d/e/1FAIpQLSfGtRuFD-eVWmh6JciFm7FrGS_DAROzecIUJLXFYkxdUPntBw/viewform,
イングリッシュプラス株式会社,,https://www.englishplus.co.jp/index.html,https://my.ptsc.jp/englishplus/inquiry_pc/input?i=toiawase,
株式会社プラットフォーム,,https://platfm.com/,https://platfm.com/contact/,
株式会社 Nu Notes Production,,https://nunotes.jp/,https://nunotes.jp/contact/,
株式会社ササクレクト,,https://sasakrect.com/,https://sasakrect.com/,ページ下部にて展開
株式会社GKKJ,,https://gkkj.tokyo/,https://gkkj.tokyo/#contact1,
株式会社 and GALLERY,,https://and-gallery.work/,https://and-gallery.work/contact-us,
株式会社Rush Gaming,,https://www.rushgaming.co/,なし,メール
株式会社ゆめ企画,,https://t-dream.biz/,https://t-dream.biz/contact/,
株式会社夢企工,,https://www.yume-kiko.com/,https://www.yume-kiko.com/inquiry/,
株式会社ララスウィート,,http://lalasweet.co.jp/company.html,http://lalasweet.co.jp/contact/modules/add.php,
ラーヤコンサルティング株式会社,,https://layah.co.jp/,なし,LINE
株式会社ワイエス海商,,https://ys-kaisyo.co.jp/,https://business.form-mailer.jp/lp/4a9e3b80235391,
株式会社ホームラボ,,https://homelab-inc.com/,https://homelab-inc.com/contact.html,
株式会社　ポップサーカス,,https://www.pop-circus.co.jp/index.html,https://www.pop-circus.co.jp/contact.html,
有限会社LEC,,https://lily-ec.jp/,https://lily-ec.jp/contact/,
株式会社ホットラインプロモーション,,https://hotzline-p.com/company/,https://hotzline-p.com/contact/,
RISE株式会社,,http://rise-over.com/,http://rise-over.com/other/,
ハイパフォーマンス・ディー・アール株式会社,,http://kuruma-kanri.net/,http://kuruma-kanri.net/fmail/fmail.cgi,
株式会社ナット,,http://nutinc.jp/,http://nutinc.jp/contact.html,
株式会社 ヒロ,,https://www.hiro-ip.com/,https://www.hiro-ip.com/contact-us,
株式会社ヒラマツ,,http://hiramatsu-inc.jp/index.html,http://hiramatsu-inc.jp/contact.html,
有限会社　晴海屋,,https://www.harumiya.co.jp/corporate/,なし,予約フォームのみ
株式会社トリガー,,https://www.st-trigger.co.jp/,https://www.st-trigger.co.jp/contact/,
ファインリゾート株式会社,,https://www.brandnew-k.com/,https://www.brandnew-k.com/form/contact.html,
ジョイング株式会社,,https://joying-jy.co.jp/,なし,支払い方法の入力必須
スイート・ベイジル株式会社,,https://www.sweetbasil.biz/about.html,https://www.sweetbasil.biz/contact.html,
株式会社Kii company,,https://ofurocafe-yumoriza.com/,https://ondoholdings.com/contact/,
タスク株式会社,,https://task-co.jp/companyinfo.aspx,なし,
株式会社ティ・ジョイ,,https://tjoy.co.jp/about/company,https://tjoy.co.jp/contact/form,
株式会社 Ｊドリーム,,https://e-jdream.co.jp/company/,https://e-jdream.co.jp/contact/others/,
株式会社サンライズプロモーション,,https://sunrisetokyo.com/company/,なし,
株式会社GNA,,https://www.gna-inc.jp/,https://www.gna-inc.jp/contact/,
株式会社cocon,,https://www.cocon.jp/,なし,メール
株式会社　光和インターナショナル,,https://kouwa-int.com/company-profile,なし,メール
株式会社オフィス樋口,,https://higuchi.asia/,https://higuchi.asia/offer/,
有限会社サイン,,https://www.s-i-n.jp/,https://www.s-i-n.jp/,ページ下部
株式会社クラウンミュージック,,https://www.crownmusic.co.jp/company.html,なし,
草津まちづくり株式会社,,https://kusatsu-machizukuri.co.jp/,https://kusatsu-machizukuri.co.jp/inquiry/,
株式会社サンテクニカル,,https://suntech-rental.net/about,https://suntech-rental.net/contact,
有限会社　サイレンス,,http://silence.co.jp/,なし,メール
株式会社Ｉｎｆｉｎｉｔｙ,,http://www.inc-infinity.com/,http://www.inc-infinity.com/contact,
株式会社　エクリプス,,https://eclipse-movie.co.jp/,なし,メール
株式会社インプレシャス,,https://inprecious.jp/,なし,
株式会社エイワンスポーツプラザ,,https://www.a-1group.co.jp/,なし,
株式会社エルフハーツ,,http://football-square.com/index.html,なし,
エフ・エフ・ケイ株式会社,,https://fksevent.wixsite.com/site/company,https://fksevent.wixsite.com/site/contact,
アズスタイル株式会社,,https://az-style.co.jp/,https://az-style.co.jp/?page_id=131,
株式会社エンバウンド,,https://onsen-musume.jp/,https://onsen-musume.jp/contact/,
TMWC 株式会社,,http://tmwc-japan.com/,なし,
株式会社イーストワン,,https://www.eastone-casting.jp/,なし,
インクリプション株式会社,,https://increption.co.jp/,https://increption.co.jp/#contact,
株式会社VISUALNOTES.,,https://visualnotes.co.jp/about,https://visualnotes.co.jp/contact,
東鉄アシスト株式会社,,https://www.tohsyoh.jp/,なし,
株式会社紀文,,https://kibungroup.com/,なし,
皿倉登山鉄道株式会社,,https://www.sarakurayama-cablecar.co.jp/,https://www.sarakurayama-cablecar.co.jp/contact___/,
株式会社フォーラム,,https://forum-o.net/,なし,営業お断り
株式会社　九州エース電研,,https://k-acedenken.com/company/,https://k-acedenken.com/contact/,
株式会社文化企画,,http://culture0401jp.flips.jp/,http://culture0401jp.flips.jp/?page=menu5,
株式会社CWパスカ,,https://cw-office.co.jp/passca/,https://cw-office.co.jp/contact/,
有限会社アムズ,,https://www.amzapf.com/company,https://www.amzapf.com/contact,
株式会社イッセイプランニング,,https://www.issei.ne.jp/,なし,
株式会社デルパラ,,https://recruit.derupara.jp/about/,なし,
東洋ピアノ製造株式会社,,https://toyo-piano.co.jp/steinway/,https://toyo-piano.co.jp/contact/other_contact/,
ネットワーク株式会社,,https://www.ntw.jp/company/,https://www.ntw.jp/contact/,
京都紙商事株式会社,,https://kyokami.ec-net.jp/page1.html,https://kyokami.ec-net.jp/contact.html,
株式会社 ピアノスマイル,,https://pianosmile.com/,https://pianosmile.com/contact/,
株式会社イベントプロモーション,,http://www.evepro.jp/index.html,http://www.evepro.jp/04.html,
株式会社いちまりん,,https://ichimarine.com/,https://ichimarine.com/contact/,
日本庭園 由志園 株式会社,,https://www.yuushien.com/,https://www.yuushien.com/toiawase/,
株式会社イーエーシー,,https://eac711.com/company/,なし,営業お断り
合同会社 日光商事,,https://nikkosyouji.com/company/,https://nikkosyouji.com/about_hp/contact.html,
サウンドワークス株式会社,,https://sound-works.jp/,https://sound-works.jp/contact/,
株式会社　安田,,https://www.p-yk.jp/cont3/main.html,https://www.p-yk.jp/form.html,
有限会社フォルシュング,,https://www.soundlabo.co.jp/,https://www.soundlabo.co.jp/index.php/contact,
株式会社　ライフマップ,,https://lifemap.jp/,https://lifemap.jp/contact/,
株式会社シーピーファイン,,https://cpfine.com/,https://cpfine.com/contact/,
株式会社ARS,,https://ar-services.jp/,https://ar-services.jp/contact/,
有限会社 セブンティーン・プロジェクト,,https://17pro.jp/,https://17pro.jp/contact/,
インタナシヨナル映画株式会社,,https://impc.jp/#top,https://impc.jp/contact/,
株式会社アクタス,,https://actas-inc.co.jp/,https://actas-inc.co.jp/contact/,
株式会社 OMC,,http://omc2002.com/,http://omc2002.com/contact,
株式会社ティアンドケイ,,https://www.golftk.com/,https://www.golftk.com/contactus.html,
株式会社アコースト・コーポレーション,,https://www.accost.co.jp/about/,なし,
株式会社美峰,,https://www.bihou.biz/,https://www.bihou.biz/contact,
株式会社トリプルアップ,,https://tripleup-e.net/company.html,https://tripleup-e.net/contact.html,
東映ラボ・テック株式会社,,https://www.toeilab.co.jp/company/,なし,
株式会社アートフリーク,,https://www.artfreak.co.jp/company/,https://www.artfreak.co.jp/contact/index.php,
株式会社ピュアサウンド,,https://www.puresound-net.co.jp/,https://www.puresound-net.co.jp/staticpages/index.php/formmail,営業お断り
株式会社 テクナ,,https://www.techna.co.jp/index.html,なし,
株式会社チャプター・ワン,,http://www.pacificmoon.com/j_home.html,なし,メール起動
株式会社トイズファクトリー,,https://www.toysfactory.co.jp/docs/company.html,https://www.toysfactory.co.jp/docs/contact.html,
有限会社ケイ・ポイント,,http://www.k-p.jp/instanthp/page01.html,なし,
有限会社ロングライド,,https://longride.jp/company/,https://longride.jp/contact/,
有限会社　ハートフルクリエーション,,http://heartfulcreation.jp/company/,http://heartfulcreation.jp/contact/,
ネオシステム株式会社,,https://www.tri-x.jp/legal,https://www.tri-x.jp/contact,
株式会社　シック,,https://www.chic.ne.jp/company/index.html,なし,Contactページエラー
株式会社平成プロジェクト,,https://heisei.pro/company,https://heisei.pro/contact,
株式会社クロスブレイス,,https://crossbrace.co.jp/,なし,
株式会社オースタンス,,https://ostance.com/about#company_profile,なし,
株式会社ランドスケープ,,https://ldsc.co.jp/,https://ldsc.co.jp/contact.html,
株式会社ナイスカンパニー,,https://niceinc.jp/,https://niceinc.jp/contact,
株式会社ハイロメル,,https://hiromeru.co.jp/company/,https://hiromeru.co.jp/contact,
株式会社イマジン,,https://www.imagine-music.co.jp/aboutus.html,https://www.imagine-music.co.jp/contact.html,
GLOE株式会社,,https://gloe.jp/about/#outline,https://gloe.jp/contact/,
株式会社フリーレンジ,,https://www.freerange.co.jp/,なし,
株式会社キューズ・プロモーション,,https://www.qqq-s.co.jp/,https://www.qqq-s.co.jp/contact/form/,
株式会社ジーダブリューシー,,https://gwc-inc.co.jp/,https://gwc-inc.co.jp/contact/,
株式会社イマージュ,,https://www.ima-ge.co.jp/index.html,https://www.ima-ge.co.jp/contact.html,
有限会社　ブルームズ,,http://www.bloomz.jp/,http://www.bloomz.jp/inquire/,
キリンゴルフ株式会社,,https://www.kiringolf.co.jp/,https://www.kiringolf.co.jp/order.cgi,
株式会社 大阪映画センター,,https://www.osakacinema.com/,https://www.osakacinema.com/contactus/,
株式会社イッツ,,https://www.its-corporation.jp/,https://www.its-corporation.jp/contact/,
八城観光開発株式会社,,http://www.yashirogroup.co.jp/company/about.html,なし,
アドバンス開発株式会社,,https://www.jutakuhaku.co.jp/about/,なし,
NPO法人大阪コリアンフットボールクラブ,,https://okfc.club/,https://okfc.club/contact/,
株式会社なちゅらフーズ,,https://natura-foods.com/company/,https://natura-foods.com/contact/,
株式会社新潟プロ野球団,,https://www.niigata-albirex-bc.jp/,https://www.niigata-albirex-bc.jp/form/contact/,
株式会社シリウス,,http://www.sirius1.jp/company/#company2,なし,
有限会社尖閣湾揚島遊園,,https://sado-ageshima.com/,https://docs.google.com/forms/d/e/1FAIpQLScohPNIe-Lp3dUJXl-Pr-xeaNt03e3xHitzHCDWb5NkfRYeKw/viewform,
株式会社 相澤企画,,https://www.aizawakikaku.com/index.html,https://www.aizawakikaku.com/contact/,
株式会社朝日自然観,,http://www.shizenkan.jp/hotel.php,http://www.shizenkan.jp/toi.php,
KOK株式会社,,https://www.yupuru.com/,https://www.yupuru.com/%E3%81%8A%E5%95%8F%E3%81%84%E5%90%88%E3%82%8F%E3%81%9B/,
サイドウェイ株式会社,,https://side-way.com/index.html,https://side-way.com/index.html#contact,ページ下部
株式会社城山ストアー,,https://shiroyamastore.com/company/outline-2-2/,https://shiroyamastore.com/inquiry/,
株式会社フォーチュンエンターテイメント,,https://fent.jp/pages/company,https://fent.jp/mailform,
株式会社伸喜,,https://shinki777.com/company/,なし,
第一ステージ株式会社,,https://daiichistage.jp/companyprofile/,https://daiichistage.jp/contact/,
株式会社アド・ライブ,,https://www.adlv.co.jp/profile.php,なし,
株式会社ランドマークス,,https://lms-g.jp/,https://lms-g.jp/contact/,
有限会社  大樹開発,,http://www.golf-club-daiju.co.jp/company/index.html,なし,ページエラー
日本業務代行株式会社,,http://www.j-sn.co.jp/publics/index/2/,http://www.j-sn.co.jp/publics/index/3/,
株式会社シンコスタイル,,http://cincostyle.co.jp/index.html,http://cincostyle.co.jp/form.html,
株式会社港都つるが観光協会,,https://minato-tsuruga.jp/,https://minato-tsuruga.jp/contact/,
ダブストアレコード株式会社,,https://www.dubstore.co.jp/jp/,なし,メール起動
時蔵株式会社,,https://www.jizo-image.jp/index.html,https://form.run/@jizo,
日本クラウン株式会社,,https://www.crownrecord.co.jp/s/c01/page/company,https://www.crownrecord.co.jp/s/c01/form/inquiry?ima=1317,
東京レジャー開発株式会社,,https://tokyo-leisure.com/company/,https://tokyo-leisure.com/contact/,
株式会社エムズカンパニー,,https://msco.co.jp/company/,https://msco.co.jp/contact/,
株式会社アルエットスタジオ,,http://www.az-creative.com/aboutus/,なし,
株式会社クロステックラボ,,http://www.xtechlabs.com/about/,http://www.xtechlabs.com/contact-us/,
株式会社クール・ジャパン,,https://www.cooljapan.co.jp/,なし,
株式会社マックスプロデュース,,https://max-produce.com/company/,https://max-produce.com/contact/,
株式会社創案工房,,https://www.soankobo.co.jp/index.html,https://www.soankobo.co.jp/contact/index.html,
株式会社ジェイ・フォース,,http://www.j-force.jp/,http://www.j-force.jp/contact,
株式会社リディア,,https://lydia-corporation.com/,なし,メール起動
しゅくみねっと株式会社,,https://shukuminet.com/company/,https://shukuminet.com/contact/,
株式会社エフ・エー・アール・エム,,https://www.farm-records.com/company/,https://www.farm-records.com/info/,
株式会社サクラノーツ,,https://www.sakuranotes.jp/,なし,メール起動
株式会社トータルベネフィット,,https://t-benefit.com/,https://t-benefit.com/#jump4,
一般社団法人スポーツ能力発見協会,,https://dosa.or.jp/outline,https://dosa.or.jp/contact,
株式会社サステナブル・プランニング,,https://www.healthy-stand-japan.com/tokushoho,https://www.healthy-stand-japan.com/contact,
メディアフロント・ジャパン株式会社,,https://mediafront.co.jp/,なし,
株式会社ムジカ・チェレステ,,https://musica-celeste.com/,https://musica-celeste.com/about/toiawase,
株式会社川上楽器店,,https://www.kawakami-gakki.com/,https://www.kawakami-gakki.com/school/inq.html,
株式会社アニメンタル・スタジオ,,https://www.animentalstudio.com/company.html,なし,ページエラー
株式会社A,,https://a-company.co/,https://a-company.co/,ページ下部
株式会社CCG STAGG,,https://ccg-stagg.jp/company/profile/,https://ccg-stagg.jp/contact/,
株式会社フレッシュタウン,,https://www.freshtown.co.jp/company/,https://www.freshtown.co.jp/contact/,フォームからの営業お断り。提案はメールから
株式会社 ベガスベガス,,https://www.vegasvegas.co.jp/corporate/outline.php,https://www.vegasvegas.co.jp/contact/,
株式会社レコチョク,,https://recochoku.jp/corporate/profile/,https://recochoku.jp/corporate/contact/form/,
松岡商事株式会社,,http://www.matsuoka-shoji.co.jp/,なし,
株式会社ノルマンディーオーナーズクラブ,,https://www.normandyoc.com/index.html,https://www.normandyoc.com/support/contact.aspx,
株式会社 オグズライン,,https://www.6mm.jp/,https://www.6mm.jp/contact.php,
英代株式会社,,https://www.eidai-inc.co.jp/index.html,https://www.eidai-inc.co.jp/inq.html,
株式会社ヴァンシフト,,https://www.vanshift.com/company-profile/,https://www.vanshift.com/contact/,
ベアソムとナギ,,https://bearsom.com/,https://bearsom.com/contact-1/,
Bull Golf,,https://bullgolf.jp/,https://bullgolf.jp/contact/,
株式会社 2nd STAR PRODUCTION,,https://2nd-star.co.jp/,https://2nd-star.co.jp/contact/,
ゴルフサロンSELA,,https://www.golfsalon-sela.com/,なし,
橋際株式会社,,https://hashikiwa.com/,https://hashikiwa.com/contact-us/,
風船サーカス株式会社,,https://balloon-circus2025.com/,https://balloon-circus2025.com/contact/,
FiLL's Entertainment株式会社,,https://www.fills-entertainment.jp/,https://www.fills-entertainment.jp/contact,
NPO法人 東京都パワーリフティング協会,,https://powerlifting.tokyo/,https://powerlifting.tokyo/%E3%81%8A%E5%95%8F%E5%90%88%E3%81%9B/,
花花世界,,https://hanahana-sekai.hp.peraichi.com/home/,https://hanahana-sekai.hp.peraichi.com/contact,
合同会社シラフ,,https://www.shiraf-llc.com/,https://www.shiraf-llc.com/%E3%81%8A%E5%95%8F%E3%81%84%E5%90%88%E3%82%8F%E3%81%9B/,
合同会社さきわふ,,https://sakiwafu.jp/,https://docs.google.com/forms/d/e/1FAIpQLSdaGc_hlhtcbV6kVXXY_cX5Hl-_78_1LCNwLpiUy3Oxa_cJWQ/viewform,
MARKEBRAIN合同会社,,https://torisetsu.markebrain.com/,https://docs.google.com/forms/d/e/1FAIpQLScyNwqwj7BoB1hUNROd2lGbh-Xv5cVJaJQEqh56dAq_B40JWg/viewform,
合同会社新人類,,https://www.sinjinruilll.com/,https://www.sinjinruilll.com/contact,
ファンタサイズ・アーツ合同会社,,https://fantasizearts.com/,https://fantasizearts.com/contact,
合同会社EMUZE,,https://emuze.jp/,https://emuze.jp/,
Try合同会社,,https://www.try-project.jp/,https://www.try-project.jp/form.html,
XROS FORGE,,https://xros-forge.com/index.html,なし,
株式会社喜奏堂,,https://chisodo.jp/,https://chisodo.jp/%e3%81%8a%e5%95%8f%e3%81%84%e5%90%88%e3%82%8f%e3%81%9b/,
ヘリテージ シンフォニア株式会社,,https://www.heritages-grp.com/,https://www.heritages-grp.com/%E3%81%8A%E5%95%8F%E3%81%84%E5%90%88%E3%82%8F%E3%81%9B,
株式会社楽笑,,https://raku-sho.com/,https://raku-sho.com/%e3%81%8a%e5%95%8f%e3%81%84%e5%90%88%e3%82%8f%e3%81%9b/,
合同会社WAZ,,https://waztokyo.com/,https://waztokyo.com/#contact,
合同会社Freesia,,https://freesia-llc.com/,なし,
ZONE合同会社,,https://zone01.site/,https://zone01.site/contact/,
ドモア株式会社,,https://dmoa.ciao.jp/,なし,
東京ナイトタイム魅力創出プロジェクト実行委員会,,https://tokyo-nighttime-project.jp/,なし,
NEXT54,,https://next54.com/,https://next54.com/contact/,
株式会社N.bridge,,https://www.indoorgolfclub.jp/,https://www.indoorgolfclub.jp/contact/,
ハチハマベース,,https://hachihamabase.com/,なし,
一般社団法人 クライネス・コンツェルトハウス,,https://www.k-konzerthaus.com/,https://www.k-konzerthaus.com/contact/,
RiddleTimez株式会社,,https://www.nazotoki-riddle.com/,https://www.nazotoki-riddle.com/contact-8,営業お断り
ザ・ロイヤル ゴルフクラブ,,https://the-royal-golf-club.com/,https://the-royal-golf-club.com/contact/,営業お断り
KAMESUNGYM株式会社,,https://kamesungym.com/,なし,
合同会社オフィスとらいあんぐる,,https://www.showatriangle.com/,https://www.showatriangle.com/information/,
株式会社ロボットスポーツゲームズ,,https://robotic-games.com/,https://robotic-games.com/contact/,
アクアレンタルコミュニケーションズ,,https://www.aqua-rental-c.com/,https://www.aqua-rental-c.com/%E3%81%8A%E5%95%8F%E3%81%84%E5%90%88%E3%82%8F%E3%81%9B%E3%83%95%E3%82%A9%E3%83%BC%E3%83%A0,
Trollea First 合同会社,,https://www.trollea-first.com/,https://www.trollea-first.com/contact/,
大和電機ブルーレイカーズ,,https://yamato-elec.co.jp/softball/,https://yamato-elec.co.jp/softball/contact/,
アミューズメントファクトリー　GUYS,,https://guys.red/,https://guys.red/info/,
株式会社九星,,https://9star.co.jp/,https://9star.co.jp/contact/,
株式会社マーチ,,https://www.march.film/,https://www.march.film/,ページ下部
株式会社Kirde,,https://kirde.jp/,https://kirde.jp/page4.html,
株式会社ハテナクリエイション,,https://www.hatenacreation.com/,https://www.hatenacreation.com/%E7%99%BD%E7%B4%99%E3%83%9A%E3%83%BC%E3%82%B8,
くくり準備会,,https://studio-kukuri.com/,https://studio-kukuri.com/contact/,
マスタプラン株式会社,,https://master-plann.com/,https://master-plann.com/#contact,
365ゴルフクラブ,,https://365golfclub.jp/,https://365golfclub.jp/contact/,
合同会社振付屋かぶきもん,,http://www.furitsukeya-kabukimon.com/,http://www.furitsukeya-kabukimon.com/contact.html,
有限会社 カスタムワールド ハタナカ,,https://www.hatanaka.jp/overview/,https://www.hatanaka.jp/contact/,
株式会社ホームセンターアグロ,,https://agro.co.jp/company/,https://agro.co.jp/contact/request.php,営業お断り
今治観光開発株式会社,,https://imabaricc.com/about/,https://imabaricc.com/contact/,
株式会社　玉井,,http://www.tamai-777.com/profile.html,http://www.tamai-777.com/inquiry.html,
株式会社ヤマジホーム　,,https://zesttoku.com/message/,https://zesttoku.com/contact/,
株式会社グランド商事・アドバンス,,https://grand-p.co.jp/about/,なし,
株式会社北洋交易,,https://www.hokuyo-koeki.co.jp/about/index.html,https://www.hokuyo-koeki.co.jp/contact/,営業お断り
アクトコール株式会社,,http://www.actcall.net/company/index.html,なし,メール起動
株式会社　メディア・マジック,,https://www.mediamagic.co.jp/company/about,https://www.mediamagic.co.jp/contact-us,
株式会社 正栄プロジェクト,,https://www.eaglegroup.co.jp/corporate/outline.html,https://www.eaglegroup.co.jp/inquiry/,
青森スポーツクリエイション株式会社,,http://www.aomori-wats.com/about/,https://aomori-wats-com.ssl-xserver.jp/script/mailform/contact/,
株式会社アルノ,,https://www.alno.co.jp/company,https://www.alno.co.jp/contact,営業お断り
株式会社　宮古カントリークラブ,,https://miyako-countryclub.com/fp/miyako_cc_company,なし,
株式会社　岩手町ふるさと振興公社,,https://isigaminooka.jp/guide/company-overview/,https://isigaminooka.jp/contact/,
岩手繊維株式会社,,https://www.iwasen.com/pages/2/,https://www.iwasen.com/pages/3/,営業お断り
株式会社つばめエイジェンシー,,http://www.tsubame-777.com/company/,http://www.tsubame-777.com/contact/,
常磐興産株式会社,,https://www.joban-kosan.com/,なし,メール起動
福島市観光開発株式会社,,https://fckk.co.jp/company/,https://fckk.co.jp/contact/,
仙台カントリー倶楽部,,https://www.sendai-cc.com/information,https://www.sendai-cc.com/contact,
株式会社ゆめぐり,,https://kurihara-yumeguri.jp/about/,https://ws.formzu.net/fgen/S340370710/,
株式会社蔵王苑,,http://www.zao-en.net/,なし,
株式会社クラウドエヌ,,https://oriental-lounge.com/,https://cloud-n.jp/Contact,
有限会社 丸真産業,,https://www.marushin-v.com/business.php,なし,
沖縄熱帯植物管理株式会社,,https://hana-ranran.okinawa/aboutus/profile,https://hana-ranran.okinawa/contact,営業お断り
アール・ケイ・アミューズメント株式会社,,https://ams-groups.co.jp/corporate/company/,なし,
株式会社ピータイム,,http://p-time.co.jp/company/,なし,
琉球放送株式会社,,https://www.rbc.co.jp/corp/info/about/,https://www.rbc.co.jp/corp/info/contact_list/,
有限会社ユニーク・ブレーン,,https://www.uniquebrain.com/company,https://www.uniquebrain.com/contact/,
株式会社高千穂牧場,,https://www.takachiho-bokujou.co.jp/company/,https://www.takachiho-bokujou.co.jp/contact/,
株式会社　西村楽器,,https://nishi-mura.co.jp/kaisyagaiyou/,https://nishi-mura.co.jp/search/contact/,
株式会社　モリナガ,,https://enjoy-morinaga.net/company,なし,
株式会社細山田商事,,https://www.hosoyamada.co.jp/company.html,なし,
株式会社フタバ,,https://www.futabanet.co.jp/about/,https://www.futabanet.co.jp/2024/10/inquire/,
株式会社十字屋,,https://www.jujiya-music.com/company.html,なし,メール起動
株式会社 福徳開発,,http://kinbasya.jp/company,なし,
綜合企画株式会社,,https://www.sohgo-k.co.jp/company/,https://www.sohgo-k.co.jp/contact/,
株式会社城島高原オペレーションズ,,https://www.kijimakogen.jp/company/,https://www.kijimakogen.jp/contact/,
株式会社イクティス,,https://ichthys.co.jp/about,なし,
株式会社 セントラル カンパニー,,https://central-oita.com/%E4%BC%9A%E7%A4%BE%E6%A6%82%E8%A6%81,なし,
バイオパーク株式会社,,https://www.biopark.co.jp/corporate/,https://www.biopark.co.jp/inquiry/,
株式会社 東海レジャー,,https://recruit.tk-l.jp/,なし,採用ページ
西日本メンテナンス株式会社,,https://nishimente.sakura.ne.jp/company.html,なし,
小川楽器株式会社,,https://ogawagakki.co.jp/company,https://ogawagakki.co.jp/contact,
株式会社グローバルアリーナ,,https://global-arena.org/about/company/,https://global-arena.org/contact/,
ライジングゼファーフクオカ株式会社,,https://r-zephyr.com/company/,https://r-zephyr.com/inquiry/,
株式会社 エスト,,https://www.web-est.co.jp/company/,なし,
株式会社　九州舞台,,http://www.kyushustage.co.jp/overview.html,http://www.kyushustage.co.jp/contact.html,
日本海テレビジョン放送株式会社,,https://www.nkt-tv.co.jp/annai/index.html,https://www.nkt-tv.co.jp/annai/mail.html,
P・O・P ホールディングス株式会社,,https://pop-hd.co.jp/contents/,なし,メール起動
全秦通商株式会社,,https://zenshin-g.com/company.php,なし,
株式会社メッド,,https://www.med-group.co.jp/med-web/info/outline/,なし,
株式会社 三輪,,https://sanwa-g.net/web/company.html,https://sanwa-g.net/web/contact.html,営業お断り
株式会社フォーシーズン,,https://www.fourseason-inc.co.jp/company/,https://www.fourseason-inc.co.jp/contact/,
株式会社 夢番地,,https://www.yumebanchi.jp/specified-commercial-transaction-law/,なし,
株式会社チクバ装飾社,,http://www.chikubasoshoku.co.jp/company.html,なし,
株式会社ストロベリーメディアアーツ,,https://www.smacom.jp/info/,https://www.smacom.jp/contact/,
タイムス株式会社,,https://www.timeskk.co.jp/profile/,https://www.timeskk.co.jp/contact/,
株式会社第一エージェンシー,,https://www.dia.ne.jp/about/company/,https://www.dia.ne.jp/contact/,
伯和グループ,,https://www.hakuwa.co.jp/overview/,https://www.hakuwa.co.jp/contact/,
ミスズガーデン株式会社,,https://www.misuzu.jp/about/,なし,会社への問い合わせページなし
株式会社 宝来社,,https://horaisha.com/company/about,https://horaisha.com/contact,
PFUライフエージェンシー株式会社,,https://www.pfu.ricoh.com/pla/profile.html,https://www.pfu.ricoh.com/pla/form/inquiry.html,
株式会社コムレイド,,https://www.com-rade.co.jp/about,https://www.com-rade.co.jp/contact,
株式会社　太陽テント北陸,,https://www.taiyotent.com/hokuriku/company.html,https://www.taiyotent.com/hokuriku/contact.html,
福井太陽株式会社,,http://www.taiyotent.jp/050_company/,http://www.taiyotent.jp/070_contact/,
有限会社スペースプラン,,https://space-plan.biz/,なし,メール
株式会社 ＪＵ岐阜羽島オートオークション,,https://www.i-gforce.co.jp/Home/About,なし,
株式会社　東洋,,http://www.kk-toyo.co.jp/company/index.html,http://www.kk-toyo.co.jp/contact/index.html,
株式会社有馬,,https://www.homerun.co.jp/company.html,https://www.homerun.co.jp/contact.html,
株式会社　旭高原,,https://www.asahikougen.co.jp/outline.html,https://www.asahikougen.co.jp/contact.html,
株式会社三州足助公社,,https://www.sansyuasuke.com/?page_id=737,なし,
東名興業株式会社,,https://www.tomei-bowl.com/company/,https://www.tomei-bowl.com/mainform/,
株式会社 電広,,https://denko-ad.co.jp/about.html,https://denko-ad.co.jp/contact.html,
東郷町施設サービス株式会社,,https://www.togo-tis.co.jp/company/info/,https://www.togo-tis.co.jp/inquiry/mailform/,
エクスキューブ株式会社,,https://xcube.bz/company/,https://xcube.bz/contact/,
株式会社 名古屋リビングエージェンシー,,https://n-lag.jp/kaisya/index.html,https://n-lag.jp/form-renraku2/kakunin.php,
株式会社 ADP,,http://rh-group.web.co.jp/ADP.html,https://adp-mesen.jp/contact/,https://adp-mesen.jp/ C列のURLは親会社のHP
株式会社エイチ・ツー・オー カンパニー,,http://www.h2o-net.co.jp/c-profile/,なし,
中日本装備株式会社,,https://nakanihonsobi.com/%e4%bc%9a%e7%a4%be%e6%a1%88%e5%86%85/%e4%bc%9a%e7%a4%be%e6%a6%82%e8%a6%81,https://nakanihonsobi.com/%e3%81%8a%e5%95%8f%e3%81%84%e5%90%88%e3%82%8f%e3%81%9b,
中日本興業株式会社,,https://www.nakanihonkogyo.co.jp/company/,なし,メール起動
東海テレビ放送株式会社,,https://www.tokai-tv.com/others/thk/,なし,問い合わせフォームからの意見に個別の回答はしていない
近藤産興株式会社,,https://www.kondo-sanko.jp/company/gaiyou/index.html,https://www.kondo-sanko.jp/toiawase/form.php,
株式会社シーエスエス総合舞台,,http://www.css-butai.co.jp/company.html,http://www.css-butai.co.jp/contact.html,
荒井貿易株式会社,,http://www.ariaguitars.com/jp/company/index.html,http://www.ariaguitars.com/jp/support/form.html,
株式会社ミニジューク関西,,https://www.minijuke.co.jp/company/overview/,https://www.minijuke.co.jp/contact/,
株式会社 黒壁,,https://www.kurokabe.co.jp/company/,https://www.kurokabe.co.jp/contact/,営業お断り
株式会社ニジゲンノモリ,,https://elb.nijigennomori.com/company/,https://elb.nijigennomori.com/contact/,
株式会社明石卸売市場管理センター,,http://www.akashishijo.co.jp/company/index.html,なし,
旭国際開発株式会社,,http://www.asahi-group.co.jp/company.html,なし,
株式会社どみそ音楽事務所,,https://domisomusic.com/company/index.html,なし,
株式会社プロアクティブ,,https://www.pac.ne.jp/company/profile.html,https://dx-mice.jp/EZEntry/inquiry/Entry/Input,
株式会社グローバルトゥエンティワン,,https://www.g21group.com/,なし,ページエラー
六甲山観光株式会社,,https://www.rokkosan.com/top/administer/,https://www.rokkosan.com/top/contact-form/,
株式会社兵栄,,https://www.hyouei.net/company,https://www.hyouei.net/contact,
公益財団法人京都市景観・まちづくりセンター,,https://kyoto-machisen.jp/,https://kyoto-machisen.jp/machiya/form.html,
株式会社ローレル京都,,https://bpky.co.jp/,なし,
株式会社クラスタ,,https://www.cluster.co.jp/,なし,
株式会社旭堂楽器店,,https://www.asahi-do.net/other/company.html,https://www.asahi-do.net/contact/,
株式会社ジェイワン,,http://www.jeyone.co.jp/j1_office.html,http://www.jeyone.co.jp/form/new_catalog_form.html#outline_newcata02,
株式会社 美也古商会,,https://www.miyakoshoukai.co.jp/sitemap/index.html,https://www.miyakoshoukai.co.jp/contact/index.html,
サンケイデザイン株式会社,,http://sankeidesign.co.jp/company/,なし,メール起動
株式会社エビスエンタープライズ,,https://www.ebisuya.com/outline/,https://www.ebisuya.com/contact/,営業お断り
株式会社アート・ブリッジ,,http://artbridge.co.jp/company,http://artbridge.co.jp/contact,
株式会社エムアンドエイチリライアンス,,https://mh-r.jp/company.html,https://mh-r.jp/contact/,
大東楽器株式会社,,https://www.daito-gakki.co.jp/corporate/,https://www.ydws.jp/daito-gakki/inquiry/input?shopcode=22301700&form_id=7,営業お断り
株式会社Switch,,https://switch-jp.com/,なし,
株式会社富士美術,,https://speaker.boo.jp/sub4.html,なし,
株式会社情熱カンパニー,,https://www.ardore.co.jp/about/,なし,メール起動
株式会社 エーセツ,,https://eisetsu.com/company/,https://eisetsu.com/contact/,
有限会社 繁栄社,,https://han-ei-sha.com/html/profile.html,なし,
ビーエルデーオリエンタル株式会社,,https://bldoriental.com/jpn/aboutus/,https://bldoriental.com/jpn/contact/,
ユニベール株式会社,,https://yunibehru.com/corporate/companyinfo/,https://yunibehru.com/contact,
有限会社ショーデボーラ,,https://www.showdebola.jp/aboutus,なし,
株式会社　アルファーツーリスト,,https://www.alpha-tourist.co.jp/%E4%BC%9A%E7%A4%BE%E6%A6%82%E8%A6%81/,なし,
株式会社mediVR,,https://www.medivr.jp/company/,https://www.medivr.jp/contact/dantai/,
株式会社エイトキューブ,,https://8-cube.co.jp/profile,https://8-cube.co.jp/contact,
株式会社ケイト,,https://www.keito-jp.com/office.php,https://www.keito-jp.com/contact.php,
株式会社　コアデ,,https://www.coade-net.co.jp/company/,https://www.coade-net.co.jp/inquiry/,
株式会社東京ハートス,,https://www.heart-s.co.jp/company/philosophy/tokyo/,https://www.heart-s.co.jp/inquiry/,
サノヤス・ライド株式会社,,https://sanoyasrides.com/company,https://sanoyasrides.com/contact,
三木楽器株式会社,,https://www.miki.co.jp/company/outline/,https://www.miki.co.jp/contact/,
日本ホーミング株式会社,,https://homing.jp/,https://homing.jp/contact/,
日本ガレージセール協会,,https://garagesale.co.jp/about/,https://garagesale.co.jp/inquiry/,
株式会社 宝塚舞台,,https://www.takarazuka-butai.co.jp/overview.html,なし,
ティー・オー・シー株式会社,,http://www.tocweb.co.jp/corporate.html,なし,
株式会社 大広WEDO,,https://www.daiko-wedo.co.jp/#company,https://www.daiko.co.jp/wedo-contact,
鉢伏開発観光株式会社,,https://www.hachi-hachikita.co.jp/tokusyouhou.html,https://www.hachi-hachikita.co.jp/category/contact/question/index.html,
株式会社マッシュ,,https://www.mash-japan.com/company,https://www.mash-japan.com/contact?contact_id=,
株式会社綿半インテック,,https://www.watahan.co.jp/holdings/group/watahan-rental/,https://www.watahan.co.jp/inquire/,
株式会社EXコミュニケーションズ,,https://communications.ex-adventure.jp/#company,https://communications.ex-adventure.jp/#contact,
白馬観光開発株式会社,,https://www.nsd-hakuba.jp/company/index.html,https://www.nsd-hakuba.jp/contact/index.php,
株式会社ディバイザー,,https://www.deviser.co.jp/company-profile,https://www.deviser.co.jp/support/contactform,
株式会社日伸音波製作所,,http://www.maxon.co.jp/company_n/company_j.html,なし,
株式会社　長野三光,,https://naganosanko.com/company/,https://naganosanko.com/contact/,
株式会社メイプルポイントゴルフクラブ,,https://www.maplepoint.jp/,https://070maplepoint.sakura.ne.jp/form_inquiry.html,
株式会社クア・アンド・ホテル,,https://www.kur-hotel.co.jp/company/,https://www.kur-hotel.co.jp/contact/corporate-project/,
株式会社　スクラム クリエイション,,https://www.e-scrum.co.jp/company.html,https://www.e-scrum.co.jp/JSPA/mail/input.html,
富士スピードウェイ株式会社　,,https://www.fsw.tv/freeinfo/052286.html,https://www.fsw.tv/CGI/inquiry/form.cgi,
株式会社 芦の湖カントリークラブ,,https://ashinokocc.com/member/,なし,
株式会社　時之栖,,https://www.tokinosumika.com/company/,なし,
株式会社丹澤楽器店,,https://www.tanzawagakki.com/corporate/,https://www.ydws.jp/tanzawagakki/inquiry/input/?shopcode=70100200&_gl=1*1brtaqm*_ga*MzE3ODc0MTguMTc1OTcxMzkzOQ..*_ga_38THJPFS0K*czE3NTk3MTM5NDMkbzEkZzEkdDE3NTk3MTM5NTYkajQ3JGwwJGgxODY5NjA0Mzc2,
有限会社ホンダ,,https://ev-honda.co.jp/company/,なし,メール起動
有限会社新日邦,,https://www.concorde-gr.co.jp/company/outline,なし,
大豊株式会社,,https://www.taiho-group.com/about/,https://www.taiho-group.com/inquiry/,
株式会社　草津観光公社,,https://www.932-onsen.com/common/info/company/,https://www.932-onsen.com/common/info/contact/,
株式会社ホテルサンバレー,,https://www.nasu3800.co.jp/company/,https://www.nasu3800.co.jp/contact/,
株式会社　おおるり,,https://www.ohruri.com/company,なし,
株式会社 南摩城カントリークラブ,,http://www.nanmajo.golf-web.jp/club.html,なし,メール起動
株式会社セブンハンドレッド,,https://www.700c.jp/company/,https://www.700c.jp/contact/,
株式会社オオミヤ,,http://www.works0038.com/pg95.html,なし,
株式会社デザインアンドデベロップメント,,https://www.pins.co.jp/company/,https://www.pins.co.jp/contact/,営業お断り
株式会社ウチダ,,https://www.pink-panther.jp/company/,https://www.pink-panther.jp/contact/,
株式会社 平成興業,,https://www.zent-heisei.co.jp/about_us.html,https://www.zent-heisei.co.jp/contact,
株式会社常磐第一興商,,https://www.dkkaraoke.co.jp/joban/corporate/,なし,
株式会社コンドー楽器,,http://www.kondo-g.co.jp/corporate/,https://www.ydws.jp/kondo-g/inquiry/input/?shopcode=12301000,
大王興業株式会社,,https://www.corp.daio-k.jp/company/,https://www.corp.daio-k.jp/contact/,
株式会社 イベント企画・装飾,,https://www.eventkikaku-sousyoku.co.jp/organization.html,なし,
株式会社 オールトラスト,,https://www.all-trust.net/about/,https://www.all-trust.net/contact/,
有限会社 ハタヤスポーツ,,http://www.hataya-sp.co.jp/corporate/index.html,なし,
有限会社　埼玉通商,,https://mr-quick-tent.com/,https://mr-quick-tent.com/contact/,
株式会社カネコ食料企画,,https://kanekofp.com/,https://kanekofp.com/,ページ下部
優良教材株式会社,,https://yuryo.co.jp/company/,https://yuryo.co.jp/contact/,
浦和レッドダイヤモンズ株式会社,,https://www.urawa-reds.co.jp/club/index.php,https://www.urawa-reds.co.jp/infomation/mail/,
株式会社埼玉第一興商,,https://www.dkkaraoke.co.jp/saitama/corporate/,なし,
株式会社コーフク,,https://www.cofk.co.jp/company,https://www.cofk.co.jp/contact,
関東ビージーエム株式会社,,http://www.kantoubgm.com/gaiyo.html,なし,
RB大宮株式会社,,https://www.rbomiya.com/club/,https://mfkb.f.msgs.jp/webapp/form/24478_mfkb_58/index.do,
株式会社 ＥＲＤ,,https://erd-odawara.com/company.html,https://erd-odawara.com/mail_order.html,
株式会社葉山マリーナー,,https://hayamamarina.com/aboutus/,なし,
GAUDI株式会社,,https://www.gaudi-jp.com/,なし,
株式会社サウンドダック,,https://soundduck.co.jp/about/index.html,https://soundduck.co.jp/contact/index.html,
株式会社ヒストリア,,https://historia.co.jp/company/,https://historia.co.jp/contact,
株式会社シャン・クレール,,https://www.chane-claire.jp/company/,https://www.chane-claire.jp/contact/,
ＴＳＰ東日本株式会社,,https://www.tspeast.co.jp/company/,https://www.tspeast.co.jp/contact/,
株式会社Ｅ・クライス,,http://www.ekreis.jp/publics/index/20/,http://www.ekreis.jp/publics/index/15/,営業お断り
株式会社 ディスクシティエンタテインメント,,https://www.diskcity.co.jp/co_profile.php,なし,各店舗への問い合わせのみ
株式会社横浜赤レンガ,,https://www.yokohama-akarenga.jp/company/,なし,
株式会社オフサイド,,http://y-offside.co.jp/company/,https://y-offside.co.jp/contact/,
横浜エフエム放送株式会社,,https://www.fmyokohama.co.jp/corp,なし,
株式会社　神奈川共立,,https://www.kanagawa-kyoritz.co.jp/company/index.html,https://www.kanagawa-kyoritz.co.jp/contact/,
株式会社ステップアウト,,https://www.stepout.co.jp/,https://www.stepout.co.jp/contact/,
株式会社クリアックス,,https://www.criax.jp/about/company.php,https://www.criax.jp/contact/,
株式会社プロスパ,,http://www.prospa.co.jp/profile.html,http://www.prospa.co.jp/contact.html,
株式会社セレスポ ,,https://www.cerespo.co.jp/company/company_profile.php,なし,
シネマシティ株式会社,,https://cinemacity.co.jp/bmenu/index.html,なし,
シンエイ動画株式会社,,https://shin-ei-animation.jp/company/,https://shin-ei-animation.jp/contact/,
株式会社田無ファミリーランド,,https://www.west-tokyo.co.jp/tfl/company.html,なし,
株式会社ディオメディア,,https://www.diomedea.co.jp/corporate,https://www.diomedea.co.jp/contact01,
株式会社　原電化,,https://haradenka.com/?page_id=7,https://haradenka.com/?page_id=9,
アルピナリゾートマネジメント 株式会社,,https://www.alpinaresorts.com/outline.html,https://reg31.smp.ne.jp/regist/is?SMPFORM=las-ohk-f1a221601b26cb930153b5974cf31fd2,
株式会社東亜,,https://www.p-juraku.co.jp/,なし,
日本製紙総合開発株式会社,,https://www.npd.jp/npd/company/information/,https://www.npd.jp/npd/contact/,営業お断り
株式会社 キタック販売,,https://www.kitadenshi.co.jp/company/kitac/,https://www.kitadenshi.co.jp/inquiry/3/2/,
株式会社バンダイナムコフィルムワークス,,https://www.bnfw.co.jp/corporate/profile/,なし,
株式会社オフィスランク,,https://officeranc.com/company/,https://officeranc.com/contact/,営業お断り
有限会社スクラムライス,,https://www.smappa.net/company.html,https://www.smappa.net/contact/,営業お断り
株式会社Airside,,https://www.karaokemac.com/airside/company.html,https://www.karaokemac.com/airside/contactus.html,
株式会社ラグーナテンボス ,,https://www.lagunatenbosch.co.jp/laguna/company/index.html,なし,
株式会社アクロス,,http://www.a-cros.co.jp/company/,なし,
株式会社キノフィルムズ,,https://kinofilms.jp/company_profile/,なし　,メール起動
株式会社国民みらい出版,,https://japannation.jp/profile/,https://japannation.jp/inquiry/,
株式会社安達・グリーンワールド,,https://www.hgp.co.jp/company/index.html,https://forms.office.com/pages/responsepage.aspx?id=v32gTORBfk-dX4gS5jBjQOs89lEgpxhOk8oR_-fhXG1UNDRVTUlEUVVTR0lGNlVVUkxNRDBPRU01TC4u&route=shorturl,
株式会社三光リンクス,,https://www.sanko-links.net/company.html,https://www.sanko-links.net/contact.php,
株式会社　東真,,http://toshin-event.com/?page_id=15,なし,
株式会社シーエーティーエス,,https://studio-cats.jp/company.html,https://studio-cats.jp/contact.html,
株式会社ase,,https://www.ase-inc.jp/info/company,https://www.ase-inc.jp/contact,
株式会社CyberE,,https://www.cybere.co.jp/,https://www.cybere.co.jp/contact/,
株式会社　岡山御津カントリークラブ,,https://okayamamitsucc.com/mitsu/about.html,なし,
株式会社オールアバウトライフマーケティング,,https://www.lifemarketing.co.jp/company.html#about,https://www.3ple.jp/inquiry/companyEntry/,
ロントラ株式会社,,http://www.lontra.co.jp/,http://www.lontra.co.jp/contact/,
株式会社　デジタル・フロンティア,,https://www.dfx.co.jp/about_us,https://docs.google.com/forms/d/e/1FAIpQLSfW730IeXh8LD5H0Ui-w4xKSEBmCgSmy_FszpYb5Js-VjG3wA/viewform,
株式会社イデアリンク,,https://www.idealink.jp/,なし,メール起動
株式会社サンディアス,,https://sandias.jp/company/,https://sandias.jp/contact/,
株式会社レキップ・トロワ,,https://www.lqp3.jp/profile.html,https://www.lqp3.jp/contact.php,
株式会社エル・ディー・アンド・ケイ,,https://ldandk.com/about/,なし,
株式会社クーロス,,https://www.kouros.co.jp/content.aspx?pg=m7,https://www.kouros.co.jp/mail.aspx,
スポーツマネジメント株式会社,,https://spo-mane.co.jp/company,https://spo-mane.co.jp/contact,
株式会社アドトップ,,https://adtop1.jp/aboutus/,なし,
株式会社メディア・インテグレーション,,https://pro.miroc.co.jp/company/,https://pro.miroc.co.jp/contact/,
株式会社ハヤシ インターナショナル プロモーションズ,,https://www.hipjpn.co.jp/company,なし,
株式会社ナインエンターテイメント,,https://nine999.com/corporate,https://boo-nine999.ssl-lolipop.jp/contact,
(株)トライストーン・エンタテイメント,,https://tristone.co.jp/about.html,なし,メール起動
株式会社　コミヤスポーツセンター,,https://www.komiya-sports.co.jp/company/,なし,メール起動
株式会社オー・エル・エム,,https://www.olm.co.jp/about,なし,
有限会社 酸京クラウド,,https://sankyocloud.co.jp/company,https://sankyocloud.co.jp/contact,
株式会社レジャラン,,https://www.leisurelan.co.jp/details/,https://www.leisurelan.co.jp/inquiry/,
株式会社GTアソシエイション,,https://supergt.net/,なし,
株式会社サクセス,,https://www.success-corp.co.jp/corporate/company/,https://www.success-corp.co.jp/inquiry/other-inquiries/,
株式会社 グラスト,,https://grast1.co.jp/company,https://grast1.co.jp/contact,
中川株式会社,,https://www.nakaya.co.jp/info/index.html,https://www.nakaya.jp/nky/contact/form.php?bid=1&fid=13,
公益財団法人根津美術館,,https://www.nezu-muse.or.jp/jp/tradelaw/index.html,https://www.nezu-muse.or.jp/jp/contact/index.php,
LAF Entertainment 株式会社,,https://www.lafe.jp/aboutus/,https://www.lafe.jp/contact/,
株式会社 indi,,https://indi.co.jp/,https://docs.google.com/forms/d/e/1FAIpQLSfHfYbWqo1PQL4PBembCVMeJmCW8mYnINpKs_8apEsNfXgOcg/viewform,
株式会社マザーエンタテイメント,,https://www.mother-e.co.jp/,なし,メール起動
ダイキサウンド株式会社,,https://www.daiki-sound.jp/company/,https://www.daiki-sound.jp/contact-other/,
株式会社aprecio,,https://aprecio.jp/#company,https://corp-aprecio.jp/contact-form/,
株式会社オペレーションサービス,,http://www.opsv.co.jp/about.html,http://www.opsv.co.jp/form/contact.html,
株式会社マネジメントシステム評価センター,,https://www.msac.co.jp/company/about,https://www.msac.co.jp/info/inquiry.php,
株式会社富岡事務機,,https://tomiokajimuki.com/,なし,
株式会社る・ひまわり,,https://le-himawari.co.jp/infos/index/00001,https://global-ssl05.jp/le-himawari.co.jp/inquiry_logs/apply/00066,
株式会社 Gotham,,http://gotham.jp/company/,http://gotham.jp/contact/,
株式会社オデッセー,,https://ody-inc.com/company,なし,
株式会社スタンダード,,https://www.standard-k.co.jp/corporate/,https://ws.formzu.net/fgen/S88203780/,
株式会社ワコールアートセンター,,https://www.spiral.co.jp/shoplist,なし,各店舗への問い合わせのみ
株式会社ユース・プラニング センター,,https://www.ypcpr.com/company/,https://www.ypcpr.com/contact/,
プランダス株式会社,,https://www.plandas.co.jp/company/,https://www.plandas.co.jp/contact/,
株式会社フジパシフィックミュージック,,https://www.fujipacific.co.jp/company/profile,https://www.fujipacific.co.jp/contact/1,
株式会社ビー・シー・シー,,https://www.bccweb.co.jp/description/index.html,https://www.bccweb.co.jp/inquiry/index.html,
株式会社 ティ・シィ・エス,,https://www.t-c-s.co.jp/outline/index.php,なし,メール起動
株式会社CoCoRo,,https://cocoro-k.co.jp/company/,https://cocoro-k.co.jp/contact/,
株式会社クールジャパントラベル,,https://cooljapan.travel/company/,https://docs.google.com/forms/d/e/1FAIpQLSetVEgVzHwZxXkXah47kVc-bk3mgtzE0QiAKLIsx70zhqmhSA/viewform,
日本テーマパーク開発株式会社,,https://nippon-themepark.co.jp/company/index.html,https://nippon-themepark.co.jp/contact/form_ntd/,営業お断り
株式会社 ワコー,,https://wako-movie.jp/company/,なし,